classifier,vectorizer,val_accuracy,val_precision,val_recall,val_f1,test_accuracy,test_precision,test_recall,test_f1,training_duration
bert-base-uncased,bert-base-uncased,0.8421622822856191,0.8483279890059551,0.8865007180469124,0.8669943820224719,0.8364185870797128,0.8444198487363955,0.8792255685310387,0.8614712911906958,2904.2490792274475
