classifier,vectorizer,val_accuracy,val_precision,val_recall,val_f1,test_accuracy,test_precision,test_recall,test_f1
XGBoost,TfidfVectorizer,0.7372149226367399,0.7227722772277227,0.8876017233125898,0.7967514609831559,0.7353718971532701,0.7203294646199925,0.8869084204056545,0.7949865711727842
