classifier,vectorizer,val_accuracy,val_precision,val_recall,val_f1,test_accuracy,test_precision,test_recall,test_f1
XGBoost,CountVectorizer,0.7395483207866885,0.7246546476235074,0.8889420775490665,0.7984349471149713,0.7360830240672015,0.7211322169457636,0.8866779348494161,0.795382494831151
