classifier,vectorizer,val_accuracy,val_precision,val_recall,val_f1,test_accuracy,test_precision,test_recall,test_f1,training_duration
SGD-Elasticnet,CountVectorizer,0.7701602822300619,0.7785480879625541,0.8439923408329344,0.8099503858875414,0.7702837840840907,0.7787249156455337,0.8422326367547633,0.8092346872866186,2.880310535430908
