classifier,vectorizer,val_accuracy,val_precision,val_recall,val_f1,test_accuracy,test_precision,test_recall,test_f1,training_duration
SGD-Elasticnet,TfIdfVectorizer,0.7531875885441263,0.7552191844891365,0.8502632838678794,0.799927942534171,0.753172292717616,0.7541983172667507,0.8505301167793485,0.7994728195128997,2.8779492378234863
